Name | Torrent | Magnet | Size | Date | Up | Donw | Overall
[초다링-Raws] Idolmaster Cinderella Girls Gekijou (BS11 1280x720 x264 AAC) | https://nyaa.si/download/992800.torrent | magnet:?xt=urn:btih:52d71d5ba3985aa7a2a8f4082c57254efb2c7326&amp;dn=%5B%EC%B4%88%EB%8B%A4%EB%A7%81-Raws%5D%20Idolmaster%20Cinderella%20Girls%20Gekijou%20%28BS11%201280x720%20x264%20AAC%29&amp;tr=http%3A%2F%2Fnyaa.tracker.wf%3A7777%2Fannounce&amp;tr=udp%3A%2F%2Fopen.stealth.si%3A80%2Fannounce&amp;tr=udp%3A%2F%2Ftracker.opentrackr.org%3A1337%2Fannounce&amp;tr=udp%3A%2F%2Ftracker.coppersurfer.tk%3A6969%2Fannounce&amp;tr=udp%3A%2F%2Fexodus.desync.com%3A6969%2Fannounce | 869.4 MiB | 2018-01-02 07:26 | 0 | 0 | 88
[초다링-Raws] FateKaleid Liner Prisma Illya Drei!! (AT-X 1280x720 x264 AAC) | https://nyaa.si/download/858509.torrent | magnet:?xt=urn:btih:09bfea43f113438de4a48387e6c770c286b0d6bb&amp;dn=%5B%EC%B4%88%EB%8B%A4%EB%A7%81-Raws%5D%20FateKaleid%20Liner%20Prisma%20Illya%20Drei%21%21%20%28AT-X%201280x720%20x264%20AAC%29&amp;tr=http%3A%2F%2Fnyaa.tracker.wf%3A7777%2Fannounce&amp;tr=udp%3A%2F%2Fopen.stealth.si%3A80%2Fannounce&amp;tr=udp%3A%2F%2Ftracker.opentrackr.org%3A1337%2Fannounce&amp;tr=udp%3A%2F%2Ftracker.coppersurfer.tk%3A6969%2Fannounce&amp;tr=udp%3A%2F%2Fexodus.desync.com%3A6969%2Fannounce | 4.6 GiB | 2016-10-10 03:37 | 0 | 0 | 5
[초다링-Raws] Yamada-kun to 7-nin no Majo (2015) (MX 1280x720 x264 AAC) | https://nyaa.si/download/706299.torrent | magnet:?xt=urn:btih:f1fa0d63d5c5aac1d9571d51f59a2f38cead93d5&amp;dn=%5B%EC%B4%88%EB%8B%A4%EB%A7%81-Raws%5D%20Yamada-kun%20to%207-nin%20no%20Majo%20%282015%29%20%28MX%201280x720%20x264%20AAC%29&amp;tr=http%3A%2F%2Fnyaa.tracker.wf%3A7777%2Fannounce&amp;tr=udp%3A%2F%2Fopen.stealth.si%3A80%2Fannounce&amp;tr=udp%3A%2F%2Ftracker.opentrackr.org%3A1337%2Fannounce&amp;tr=udp%3A%2F%2Ftracker.coppersurfer.tk%3A6969%2Fannounce&amp;tr=udp%3A%2F%2Fexodus.desync.com%3A6969%2Fannounce | 2.9 GiB | 2015-06-29 04:30 | 0 | 0 | 4
[초다링-Raws] Boku dake ga Inai Machi (CX 1280x720 x264 AAC) | https://nyaa.si/download/797058.torrent | magnet:?xt=urn:btih:f819c7401a492821245ecc766936085092c85ead&amp;dn=%5B%EC%B4%88%EB%8B%A4%EB%A7%81-Raws%5D%20Boku%20dake%20ga%20Inai%20Machi%20%28CX%201280x720%20x264%20AAC%29&amp;tr=http%3A%2F%2Fnyaa.tracker.wf%3A7777%2Fannounce&amp;tr=udp%3A%2F%2Fopen.stealth.si%3A80%2Fannounce&amp;tr=udp%3A%2F%2Ftracker.opentrackr.org%3A1337%2Fannounce&amp;tr=udp%3A%2F%2Ftracker.coppersurfer.tk%3A6969%2Fannounce&amp;tr=udp%3A%2F%2Fexodus.desync.com%3A6969%2Fannounce | 2.6 GiB | 2016-03-25 21:46 | 0 | 0 | 2
[초다링-Raws] Kono Subarashii Sekai ni Shukufuku o! (MX 1280x720 x264 AAC) | https://nyaa.si/download/794333.torrent | magnet:?xt=urn:btih:feb415862d30652dee43a01b917294c0e6361f59&amp;dn=%5B%EC%B4%88%EB%8B%A4%EB%A7%81-Raws%5D%20Kono%20Subarashii%20Sekai%20ni%20Shukufuku%20o%21%20%28MX%201280x720%20x264%20AAC%29&amp;tr=http%3A%2F%2Fnyaa.tracker.wf%3A7777%2Fannounce&amp;tr=udp%3A%2F%2Fopen.stealth.si%3A80%2Fannounce&amp;tr=udp%3A%2F%2Ftracker.opentrackr.org%3A1337%2Fannounce&amp;tr=udp%3A%2F%2Ftracker.coppersurfer.tk%3A6969%2Fannounce&amp;tr=udp%3A%2F%2Fexodus.desync.com%3A6969%2Fannounce | 3.3 GiB | 2016-03-16 13:54 | 0 | 0 | 2
[초다링-Raws] Choujigen Game Neptune The Animation (MX 1280x720 x264 AAC) | https://nyaa.si/download/477732.torrent | magnet:?xt=urn:btih:ca1e83a61906c5dc20100fa8525b1ab978a37677&amp;dn=%5B%EC%B4%88%EB%8B%A4%EB%A7%81-Raws%5D%20Choujigen%20Game%20Neptune%20The%20Animation%20%28MX%201280x720%20x264%20AAC%29&amp;tr=http%3A%2F%2Fnyaa.tracker.wf%3A7777%2Fannounce&amp;tr=udp%3A%2F%2Fopen.stealth.si%3A80%2Fannounce&amp;tr=udp%3A%2F%2Ftracker.opentrackr.org%3A1337%2Fannounce&amp;tr=udp%3A%2F%2Ftracker.coppersurfer.tk%3A6969%2Fannounce&amp;tr=udp%3A%2F%2Fexodus.desync.com%3A6969%2Fannounce | 5.1 GiB | 2013-09-28 18:34 | 1 | 0 | 2
[초다링-Raws] Stella Jogakuin Koutouka C3-bu (TBS 1280x720 x264 AAC) | https://nyaa.si/download/478011.torrent | magnet:?xt=urn:btih:7c7d7d035185bc4154b6ed75e872ed05208fadbc&amp;dn=%5B%EC%B4%88%EB%8B%A4%EB%A7%81-Raws%5D%20Stella%20Jogakuin%20Koutouka%20C3-bu%20%28TBS%201280x720%20x264%20AAC%29&amp;tr=http%3A%2F%2Fnyaa.tracker.wf%3A7777%2Fannounce&amp;tr=udp%3A%2F%2Fopen.stealth.si%3A80%2Fannounce&amp;tr=udp%3A%2F%2Ftracker.opentrackr.org%3A1337%2Fannounce&amp;tr=udp%3A%2F%2Ftracker.coppersurfer.tk%3A6969%2Fannounce&amp;tr=udp%3A%2F%2Fexodus.desync.com%3A6969%2Fannounce | 3.3 GiB | 2013-09-29 11:43 | 0 | 0 | 2
[초다링-Raws] Charlotte (TUT 1280x720 x264 AAC) | https://nyaa.si/download/738195.torrent | magnet:?xt=urn:btih:0a06a099c50a12d9dd43b4176213ff5c2d05ce61&amp;dn=%5B%EC%B4%88%EB%8B%A4%EB%A7%81-Raws%5D%20Charlotte%20%28TUT%201280x720%20x264%20AAC%29&amp;tr=http%3A%2F%2Fnyaa.tracker.wf%3A7777%2Fannounce&amp;tr=udp%3A%2F%2Fopen.stealth.si%3A80%2Fannounce&amp;tr=udp%3A%2F%2Ftracker.opentrackr.org%3A1337%2Fannounce&amp;tr=udp%3A%2F%2Ftracker.coppersurfer.tk%3A6969%2Fannounce&amp;tr=udp%3A%2F%2Fexodus.desync.com%3A6969%2Fannounce | 3.5 GiB | 2015-09-27 05:13 | 0 | 0 | 2
[초다링-Raws] Dagashi Kashi (TBS 1280x720 x264 AAC) | https://nyaa.si/download/799291.torrent | magnet:?xt=urn:btih:b99b0b22078e92d797e01e97cc8042cfedaab9a8&amp;dn=%5B%EC%B4%88%EB%8B%A4%EB%A7%81-Raws%5D%20Dagashi%20Kashi%20%28TBS%201280x720%20x264%20AAC%29&amp;tr=http%3A%2F%2Fnyaa.tracker.wf%3A7777%2Fannounce&amp;tr=udp%3A%2F%2Fopen.stealth.si%3A80%2Fannounce&amp;tr=udp%3A%2F%2Ftracker.opentrackr.org%3A1337%2Fannounce&amp;tr=udp%3A%2F%2Ftracker.coppersurfer.tk%3A6969%2Fannounce&amp;tr=udp%3A%2F%2Fexodus.desync.com%3A6969%2Fannounce | 3.7 GiB | 2016-04-02 07:44 | 0 | 0 | 1
[초다링-Raws] Netoge no Yome wa Onnanoko ja Nai to Omotta (AT-X 1280x720 x264 AAC) | https://nyaa.si/download/823454.torrent | magnet:?xt=urn:btih:0da6b0de3da3ff382929f32971d30adc9443cdc6&amp;dn=%5B%EC%B4%88%EB%8B%A4%EB%A7%81-Raws%5D%20Netoge%20no%20Yome%20wa%20Onnanoko%20ja%20Nai%20to%20Omotta%20%28AT-X%201280x720%20x264%20AAC%29&amp;tr=http%3A%2F%2Fnyaa.tracker.wf%3A7777%2Fannounce&amp;tr=udp%3A%2F%2Fopen.stealth.si%3A80%2Fannounce&amp;tr=udp%3A%2F%2Ftracker.opentrackr.org%3A1337%2Fannounce&amp;tr=udp%3A%2F%2Ftracker.coppersurfer.tk%3A6969%2Fannounce&amp;tr=udp%3A%2F%2Fexodus.desync.com%3A6969%2Fannounce | 3.9 GiB | 2016-06-24 06:33 | 0 | 0 | 1
[초다링-Raws] Shoujo-tachi wa Kouya o Mezasu (MX 1280x720 x264 AAC) | https://nyaa.si/download/796620.torrent | magnet:?xt=urn:btih:afe3ae24bd0fae897ca8573cce7aff9fc441a1ab&amp;dn=%5B%EC%B4%88%EB%8B%A4%EB%A7%81-Raws%5D%20Shoujo-tachi%20wa%20Kouya%20o%20Mezasu%20%28MX%201280x720%20x264%20AAC%29&amp;tr=http%3A%2F%2Fnyaa.tracker.wf%3A7777%2Fannounce&amp;tr=udp%3A%2F%2Fopen.stealth.si%3A80%2Fannounce&amp;tr=udp%3A%2F%2Ftracker.opentrackr.org%3A1337%2Fannounce&amp;tr=udp%3A%2F%2Ftracker.coppersurfer.tk%3A6969%2Fannounce&amp;tr=udp%3A%2F%2Fexodus.desync.com%3A6969%2Fannounce | 2.9 GiB | 2016-03-24 12:06 | 0 | 0 | 1
[초다링-Raws] Mahou Shoujo Ikusei Keikaku (AT-X 1280x720 x264 AAC) | https://nyaa.si/download/885632.torrent | magnet:?xt=urn:btih:7b2506fba68a3e248fae747f4ad91f751ad11ab0&amp;dn=%5B%EC%B4%88%EB%8B%A4%EB%A7%81-Raws%5D%20Mahou%20Shoujo%20Ikusei%20Keikaku%20%28AT-X%201280x720%20x264%20AAC%29&amp;tr=http%3A%2F%2Fnyaa.tracker.wf%3A7777%2Fannounce&amp;tr=udp%3A%2F%2Fopen.stealth.si%3A80%2Fannounce&amp;tr=udp%3A%2F%2Ftracker.opentrackr.org%3A1337%2Fannounce&amp;tr=udp%3A%2F%2Ftracker.coppersurfer.tk%3A6969%2Fannounce&amp;tr=udp%3A%2F%2Fexodus.desync.com%3A6969%2Fannounce | 3.3 GiB | 2017-01-01 10:39 | 0 | 0 | 1
[초다링-Raws] Kami-sama no Inai Nichiyoubi (MX 1280x720 x264 AAC) | https://nyaa.si/download/475401.torrent | magnet:?xt=urn:btih:6df5cc37d72c96002725df273a561adbc115392e&amp;dn=%5B%EC%B4%88%EB%8B%A4%EB%A7%81-Raws%5D%20Kami-sama%20no%20Inai%20Nichiyoubi%20%28MX%201280x720%20x264%20AAC%29&amp;tr=http%3A%2F%2Fnyaa.tracker.wf%3A7777%2Fannounce&amp;tr=udp%3A%2F%2Fopen.stealth.si%3A80%2Fannounce&amp;tr=udp%3A%2F%2Ftracker.opentrackr.org%3A1337%2Fannounce&amp;tr=udp%3A%2F%2Ftracker.coppersurfer.tk%3A6969%2Fannounce&amp;tr=udp%3A%2F%2Fexodus.desync.com%3A6969%2Fannounce | 3.4 GiB | 2013-09-21 14:59 | 0 | 0 | 1
[초다링-Raws] Kami nomi zo Shiru Sekai Megami Hen (TX 1280x720 x264 AAC) | https://nyaa.si/download/476740.torrent | magnet:?xt=urn:btih:b3b9c54e110f6036cc3ff41dfa05044f5a144090&amp;dn=%5B%EC%B4%88%EB%8B%A4%EB%A7%81-Raws%5D%20Kami%20nomi%20zo%20Shiru%20Sekai%20Megami%20Hen%20%28TX%201280x720%20x264%20AAC%29&amp;tr=http%3A%2F%2Fnyaa.tracker.wf%3A7777%2Fannounce&amp;tr=udp%3A%2F%2Fopen.stealth.si%3A80%2Fannounce&amp;tr=udp%3A%2F%2Ftracker.opentrackr.org%3A1337%2Fannounce&amp;tr=udp%3A%2F%2Ftracker.coppersurfer.tk%3A6969%2Fannounce&amp;tr=udp%3A%2F%2Fexodus.desync.com%3A6969%2Fannounce | 3.8 GiB | 2013-09-25 12:37 | 0 | 0 | 1
[초다링-Raws] Kantai Collection - KanColle (MX 1280x720 x264 AAC) | https://nyaa.si/download/674781.torrent | magnet:?xt=urn:btih:16cdcc65adbd36f19e17d84c1f979a1ebdd72ee6&amp;dn=%5B%EC%B4%88%EB%8B%A4%EB%A7%81-Raws%5D%20Kantai%20Collection%20-%20KanColle%20%28MX%201280x720%20x264%20AAC%29&amp;tr=http%3A%2F%2Fnyaa.tracker.wf%3A7777%2Fannounce&amp;tr=udp%3A%2F%2Fopen.stealth.si%3A80%2Fannounce&amp;tr=udp%3A%2F%2Ftracker.opentrackr.org%3A1337%2Fannounce&amp;tr=udp%3A%2F%2Ftracker.coppersurfer.tk%3A6969%2Fannounce&amp;tr=udp%3A%2F%2Fexodus.desync.com%3A6969%2Fannounce | 5.2 GiB | 2015-04-06 09:40 | 0 | 0 | 1
[초다링-Raws] Dungeon ni Deai o Motomeru no wa Machigatte Iru Darouka (MX 1280x720 x264 AAC) | https://nyaa.si/download/705369.torrent | magnet:?xt=urn:btih:a2b8f80a30cc63783ffba8329b62ced9659e2b53&amp;dn=%5B%EC%B4%88%EB%8B%A4%EB%A7%81-Raws%5D%20Dungeon%20ni%20Deai%20o%20Motomeru%20no%20wa%20Machigatte%20Iru%20Darouka%20%28MX%201280x720%20x264%20AAC%29&amp;tr=http%3A%2F%2Fnyaa.tracker.wf%3A7777%2Fannounce&amp;tr=udp%3A%2F%2Fopen.stealth.si%3A80%2Fannounce&amp;tr=udp%3A%2F%2Ftracker.opentrackr.org%3A1337%2Fannounce&amp;tr=udp%3A%2F%2Ftracker.coppersurfer.tk%3A6969%2Fannounce&amp;tr=udp%3A%2F%2Fexodus.desync.com%3A6969%2Fannounce | 4.4 GiB | 2015-06-26 19:14 | 0 | 0 | 1
[초다링-Raws] Joukamachi no Dandelion (TBS 1280x720 x264 AAC) | https://nyaa.si/download/734762.torrent | magnet:?xt=urn:btih:03d4b48d48f9a83003ce8080d615f05de69664e4&amp;dn=%5B%EC%B4%88%EB%8B%A4%EB%A7%81-Raws%5D%20Joukamachi%20no%20Dandelion%20%28TBS%201280x720%20x264%20AAC%29&amp;tr=http%3A%2F%2Fnyaa.tracker.wf%3A7777%2Fannounce&amp;tr=udp%3A%2F%2Fopen.stealth.si%3A80%2Fannounce&amp;tr=udp%3A%2F%2Ftracker.opentrackr.org%3A1337%2Fannounce&amp;tr=udp%3A%2F%2Ftracker.coppersurfer.tk%3A6969%2Fannounce&amp;tr=udp%3A%2F%2Fexodus.desync.com%3A6969%2Fannounce | 3.5 GiB | 2015-09-18 05:01 | 0 | 0 | 1
[초다링-Raws] WORKING!!! (GTV 1280x720 x264 AAC) | https://nyaa.si/download/738191.torrent | magnet:?xt=urn:btih:684549c52550550b7479ab60a3f10682afe5b173&amp;dn=%5B%EC%B4%88%EB%8B%A4%EB%A7%81-Raws%5D%20WORKING%21%21%21%20%28GTV%201280x720%20x264%20AAC%29&amp;tr=http%3A%2F%2Fnyaa.tracker.wf%3A7777%2Fannounce&amp;tr=udp%3A%2F%2Fopen.stealth.si%3A80%2Fannounce&amp;tr=udp%3A%2F%2Ftracker.opentrackr.org%3A1337%2Fannounce&amp;tr=udp%3A%2F%2Ftracker.coppersurfer.tk%3A6969%2Fannounce&amp;tr=udp%3A%2F%2Fexodus.desync.com%3A6969%2Fannounce | 2.9 GiB | 2015-09-27 05:01 | 0 | 0 | 1
[초다링-Raws] Love Lab (MBS 1280x720 x264 AAC) | https://nyaa.si/download/477247.torrent | magnet:?xt=urn:btih:05d7e5cc0f78a9bffd19af3c5e3a4e6e1004080a&amp;dn=%5B%EC%B4%88%EB%8B%A4%EB%A7%81-Raws%5D%20Love%20Lab%20%28MBS%201280x720%20x264%20AAC%29&amp;tr=http%3A%2F%2Fnyaa.tracker.wf%3A7777%2Fannounce&amp;tr=udp%3A%2F%2Fopen.stealth.si%3A80%2Fannounce&amp;tr=udp%3A%2F%2Ftracker.opentrackr.org%3A1337%2Fannounce&amp;tr=udp%3A%2F%2Ftracker.coppersurfer.tk%3A6969%2Fannounce&amp;tr=udp%3A%2F%2Fexodus.desync.com%3A6969%2Fannounce | 3.4 GiB | 2013-09-27 07:40 | 1 | 0 | 1
[초다링-Raws] Classroom☆Crisis - 02 (TBS 1280x720 x264 AAC) | https://nyaa.si/download/710328.torrent | magnet:?xt=urn:btih:2049fbbb8ba850efdca61667697f5556723eb00c&amp;dn=%5B%EC%B4%88%EB%8B%A4%EB%A7%81-Raws%5D%20Classroom%E2%98%86Crisis%20-%2002%20%28TBS%201280x720%20x264%20AAC%29&amp;tr=http%3A%2F%2Fnyaa.tracker.wf%3A7777%2Fannounce&amp;tr=udp%3A%2F%2Fopen.stealth.si%3A80%2Fannounce&amp;tr=udp%3A%2F%2Ftracker.opentrackr.org%3A1337%2Fannounce&amp;tr=udp%3A%2F%2Ftracker.coppersurfer.tk%3A6969%2Fannounce&amp;tr=udp%3A%2F%2Fexodus.desync.com%3A6969%2Fannounce | 263.1 MiB | 2015-07-11 03:39 | 0 | 1 | 0
[초다링-Raws] WORKING!!! - 09 (GTV 1280x720 x264 AAC) | https://nyaa.si/download/728081.torrent | magnet:?xt=urn:btih:40d077cf41f23f3e85fbbfacee809bcbd360b976&amp;dn=%5B%EC%B4%88%EB%8B%A4%EB%A7%81-Raws%5D%20WORKING%21%21%21%20-%2009%20%28GTV%201280x720%20x264%20AAC%29&amp;tr=http%3A%2F%2Fnyaa.tracker.wf%3A7777%2Fannounce&amp;tr=udp%3A%2F%2Fopen.stealth.si%3A80%2Fannounce&amp;tr=udp%3A%2F%2Ftracker.opentrackr.org%3A1337%2Fannounce&amp;tr=udp%3A%2F%2Ftracker.coppersurfer.tk%3A6969%2Fannounce&amp;tr=udp%3A%2F%2Fexodus.desync.com%3A6969%2Fannounce | 227.9 MiB | 2015-08-29 23:57 | 0 | 0 | 0
[초다링-Raws] NEW GAME! - 02 (AT-X 1280x720 x264 AAC) | https://nyaa.si/download/834713.torrent | magnet:?xt=urn:btih:ad162a728cd92df7c5f1f02a8c1f6211a3d63b07&amp;dn=%5B%EC%B4%88%EB%8B%A4%EB%A7%81-Raws%5D%20NEW%20GAME%21%20-%2002%20%28AT-X%201280x720%20x264%20AAC%29&amp;tr=http%3A%2F%2Fnyaa.tracker.wf%3A7777%2Fannounce&amp;tr=udp%3A%2F%2Fopen.stealth.si%3A80%2Fannounce&amp;tr=udp%3A%2F%2Ftracker.opentrackr.org%3A1337%2Fannounce&amp;tr=udp%3A%2F%2Ftracker.coppersurfer.tk%3A6969%2Fannounce&amp;tr=udp%3A%2F%2Fexodus.desync.com%3A6969%2Fannounce | 331.4 MiB | 2016-07-28 03:06 | 0 | 1 | 0
[초다링-Raws] FateKaleid Liner Prisma Illya Drei!! - 02 (AT-X 1280x720 x264 AAC) | https://nyaa.si/download/834891.torrent | magnet:?xt=urn:btih:63714a7ed95224a69d7ee3a0678d817cd66a4ddd&amp;dn=%5B%EC%B4%88%EB%8B%A4%EB%A7%81-Raws%5D%20FateKaleid%20Liner%20Prisma%20Illya%20Drei%21%21%20-%2002%20%28AT-X%201280x720%20x264%20AAC%29&amp;tr=http%3A%2F%2Fnyaa.tracker.wf%3A7777%2Fannounce&amp;tr=udp%3A%2F%2Fopen.stealth.si%3A80%2Fannounce&amp;tr=udp%3A%2F%2Ftracker.opentrackr.org%3A1337%2Fannounce&amp;tr=udp%3A%2F%2Ftracker.coppersurfer.tk%3A6969%2Fannounce&amp;tr=udp%3A%2F%2Fexodus.desync.com%3A6969%2Fannounce | 419.6 MiB | 2016-07-28 14:09 | 0 | 0 | 0
[초다링-Raws] FateKaleid Liner Prisma Illya Drei!! - 04 (AT-X 1280x720 x264 AAC) | https://nyaa.si/download/834894.torrent | magnet:?xt=urn:btih:bcaaa454e5a794b34252811a4753bab633e02e6c&amp;dn=%5B%EC%B4%88%EB%8B%A4%EB%A7%81-Raws%5D%20FateKaleid%20Liner%20Prisma%20Illya%20Drei%21%21%20-%2004%20%28AT-X%201280x720%20x264%20AAC%29&amp;tr=http%3A%2F%2Fnyaa.tracker.wf%3A7777%2Fannounce&amp;tr=udp%3A%2F%2Fopen.stealth.si%3A80%2Fannounce&amp;tr=udp%3A%2F%2Ftracker.opentrackr.org%3A1337%2Fannounce&amp;tr=udp%3A%2F%2Ftracker.coppersurfer.tk%3A6969%2Fannounce&amp;tr=udp%3A%2F%2Fexodus.desync.com%3A6969%2Fannounce | 335.8 MiB | 2016-07-28 14:10 | 0 | 1 | 0
[초다링-Raws] FateKaleid Liner Prisma Illya Drei!! - 03 (AT-X 1280x720 x264 AAC) | https://nyaa.si/download/834893.torrent | magnet:?xt=urn:btih:4891ff126136d7235f44a24d29d7f76057516efc&amp;dn=%5B%EC%B4%88%EB%8B%A4%EB%A7%81-Raws%5D%20FateKaleid%20Liner%20Prisma%20Illya%20Drei%21%21%20-%2003%20%28AT-X%201280x720%20x264%20AAC%29&amp;tr=http%3A%2F%2Fnyaa.tracker.wf%3A7777%2Fannounce&amp;tr=udp%3A%2F%2Fopen.stealth.si%3A80%2Fannounce&amp;tr=udp%3A%2F%2Ftracker.opentrackr.org%3A1337%2Fannounce&amp;tr=udp%3A%2F%2Ftracker.coppersurfer.tk%3A6969%2Fannounce&amp;tr=udp%3A%2F%2Fexodus.desync.com%3A6969%2Fannounce | 454.9 MiB | 2016-07-28 14:09 | 0 | 0 | 0
[초다링-Raws] Charlotte - 05 (TUT 1280x720 x264 AAC) | https://nyaa.si/download/718731.torrent | magnet:?xt=urn:btih:2c37ab7b123097019e09e07bbf2e0cd5acb32875&amp;dn=%5B%EC%B4%88%EB%8B%A4%EB%A7%81-Raws%5D%20Charlotte%20-%2005%20%28TUT%201280x720%20x264%20AAC%29&amp;tr=http%3A%2F%2Fnyaa.tracker.wf%3A7777%2Fannounce&amp;tr=udp%3A%2F%2Fopen.stealth.si%3A80%2Fannounce&amp;tr=udp%3A%2F%2Ftracker.opentrackr.org%3A1337%2Fannounce&amp;tr=udp%3A%2F%2Ftracker.coppersurfer.tk%3A6969%2Fannounce&amp;tr=udp%3A%2F%2Fexodus.desync.com%3A6969%2Fannounce | 332.9 MiB | 2015-08-01 20:44 | 0 | 0 | 0
[초다링-Raws] Classroom☆Crisis - 01 (TBS 1280x720 x264 AAC) | https://nyaa.si/download/708578.torrent | magnet:?xt=urn:btih:14b7723331df07833855f566ce6670dbd9cfa858&amp;dn=%5B%EC%B4%88%EB%8B%A4%EB%A7%81-Raws%5D%20Classroom%E2%98%86Crisis%20-%2001%20%28TBS%201280x720%20x264%20AAC%29&amp;tr=http%3A%2F%2Fnyaa.tracker.wf%3A7777%2Fannounce&amp;tr=udp%3A%2F%2Fopen.stealth.si%3A80%2Fannounce&amp;tr=udp%3A%2F%2Ftracker.opentrackr.org%3A1337%2Fannounce&amp;tr=udp%3A%2F%2Ftracker.coppersurfer.tk%3A6969%2Fannounce&amp;tr=udp%3A%2F%2Fexodus.desync.com%3A6969%2Fannounce | 275.9 MiB | 2015-07-06 06:10 | 0 | 0 | 0
[초다링-Raws] FateKaleid Liner Prisma Illya Drei!! - 01 (AT-X 1280x720 x264 AAC) | https://nyaa.si/download/827681.torrent | magnet:?xt=urn:btih:38c00218f9806fd66c86a36ee97fab4a82dbdb19&amp;dn=%5B%EC%B4%88%EB%8B%A4%EB%A7%81-Raws%5D%20FateKaleid%20Liner%20Prisma%20Illya%20Drei%21%21%20-%2001%20%28AT-X%201280x720%20x264%20AAC%29&amp;tr=http%3A%2F%2Fnyaa.tracker.wf%3A7777%2Fannounce&amp;tr=udp%3A%2F%2Fopen.stealth.si%3A80%2Fannounce&amp;tr=udp%3A%2F%2Ftracker.opentrackr.org%3A1337%2Fannounce&amp;tr=udp%3A%2F%2Ftracker.coppersurfer.tk%3A6969%2Fannounce&amp;tr=udp%3A%2F%2Fexodus.desync.com%3A6969%2Fannounce | 423.2 MiB | 2016-07-07 00:59 | 0 | 0 | 0
[초다링-Raws] Yuusha ni Narenakatta Ore wa Shibushibu Shuushoku o Ketsui Shimashita (MX 1280x720 x264 AAC) | https://nyaa.si/download/505130.torrent | magnet:?xt=urn:btih:7b244fb77c3e10c1fa1268ac10554bb8998e6841&amp;dn=%5B%EC%B4%88%EB%8B%A4%EB%A7%81-Raws%5D%20Yuusha%20ni%20Narenakatta%20Ore%20wa%20Shibushibu%20Shuushoku%20o%20Ketsui%20Shimashita%20%28MX%201280x720%20x264%20AAC%29&amp;tr=http%3A%2F%2Fnyaa.tracker.wf%3A7777%2Fannounce&amp;tr=udp%3A%2F%2Fopen.stealth.si%3A80%2Fannounce&amp;tr=udp%3A%2F%2Ftracker.opentrackr.org%3A1337%2Fannounce&amp;tr=udp%3A%2F%2Ftracker.coppersurfer.tk%3A6969%2Fannounce&amp;tr=udp%3A%2F%2Fexodus.desync.com%3A6969%2Fannounce | 3.3 GiB | 2013-12-22 20:46 | 0 | 0 | 0
[초다링-Raws] NEW GAME! - 01 (AT-X 1280x720 x264 AAC) | https://nyaa.si/download/827686.torrent | magnet:?xt=urn:btih:e1ac7ab56cea5ab4616dd0ed4e3a3c6bd21e2796&amp;dn=%5B%EC%B4%88%EB%8B%A4%EB%A7%81-Raws%5D%20NEW%20GAME%21%20-%2001%20%28AT-X%201280x720%20x264%20AAC%29&amp;tr=http%3A%2F%2Fnyaa.tracker.wf%3A7777%2Fannounce&amp;tr=udp%3A%2F%2Fopen.stealth.si%3A80%2Fannounce&amp;tr=udp%3A%2F%2Ftracker.opentrackr.org%3A1337%2Fannounce&amp;tr=udp%3A%2F%2Ftracker.coppersurfer.tk%3A6969%2Fannounce&amp;tr=udp%3A%2F%2Fexodus.desync.com%3A6969%2Fannounce | 335.3 MiB | 2016-07-07 01:20 | 0 | 0 | 0
[초다링-Raws] Saijaku Muhai no Bahamut (AT-X 1280x720 x264 AAC) | https://nyaa.si/download/798185.torrent | magnet:?xt=urn:btih:cc90612a14df6b0b6d51de1dc87ad1bb26954b18&amp;dn=%5B%EC%B4%88%EB%8B%A4%EB%A7%81-Raws%5D%20Saijaku%20Muhai%20no%20Bahamut%20%28AT-X%201280x720%20x264%20AAC%29&amp;tr=http%3A%2F%2Fnyaa.tracker.wf%3A7777%2Fannounce&amp;tr=udp%3A%2F%2Fopen.stealth.si%3A80%2Fannounce&amp;tr=udp%3A%2F%2Ftracker.opentrackr.org%3A1337%2Fannounce&amp;tr=udp%3A%2F%2Ftracker.coppersurfer.tk%3A6969%2Fannounce&amp;tr=udp%3A%2F%2Fexodus.desync.com%3A6969%2Fannounce | 4.3 GiB | 2016-03-28 20:46 | 0 | 0 | 0
[초다링-Raws] Ao no Kanata no Four Rhythm (TX 1280x720 x264 AAC) | https://nyaa.si/download/798506.torrent | magnet:?xt=urn:btih:e763c68f2a3e5517184748b30f95af3d633bb069&amp;dn=%5B%EC%B4%88%EB%8B%A4%EB%A7%81-Raws%5D%20Ao%20no%20Kanata%20no%20Four%20Rhythm%20%28TX%201280x720%20x264%20AAC%29&amp;tr=http%3A%2F%2Fnyaa.tracker.wf%3A7777%2Fannounce&amp;tr=udp%3A%2F%2Fopen.stealth.si%3A80%2Fannounce&amp;tr=udp%3A%2F%2Ftracker.opentrackr.org%3A1337%2Fannounce&amp;tr=udp%3A%2F%2Ftracker.coppersurfer.tk%3A6969%2Fannounce&amp;tr=udp%3A%2F%2Fexodus.desync.com%3A6969%2Fannounce | 3.8 GiB | 2016-03-30 09:52 | 0 | 0 | 0
[초다링-Raws] Musaigen no Phantom World (MX 1280x720 x264 AAC) | https://nyaa.si/download/799360.torrent | magnet:?xt=urn:btih:ed02c88bc7bbff6e7669a9bbd09e04768380cdf3&amp;dn=%5B%EC%B4%88%EB%8B%A4%EB%A7%81-Raws%5D%20Musaigen%20no%20Phantom%20World%20%28MX%201280x720%20x264%20AAC%29&amp;tr=http%3A%2F%2Fnyaa.tracker.wf%3A7777%2Fannounce&amp;tr=udp%3A%2F%2Fopen.stealth.si%3A80%2Fannounce&amp;tr=udp%3A%2F%2Ftracker.opentrackr.org%3A1337%2Fannounce&amp;tr=udp%3A%2F%2Ftracker.coppersurfer.tk%3A6969%2Fannounce&amp;tr=udp%3A%2F%2Fexodus.desync.com%3A6969%2Fannounce | 5.6 GiB | 2016-04-02 10:57 | 0 | 0 | 0
[초다링-Raws] Haruchika Haruta to Chika wa Seishun Suru (MX 1280x720 x264 AAC) | https://nyaa.si/download/796488.torrent | magnet:?xt=urn:btih:8922cbddf5834e7edd5fed4516e869af9b1e198f&amp;dn=%5B%EC%B4%88%EB%8B%A4%EB%A7%81-Raws%5D%20Haruchika%20Haruta%20to%20Chika%20wa%20Seishun%20Suru%20%28MX%201280x720%20x264%20AAC%29&amp;tr=http%3A%2F%2Fnyaa.tracker.wf%3A7777%2Fannounce&amp;tr=udp%3A%2F%2Fopen.stealth.si%3A80%2Fannounce&amp;tr=udp%3A%2F%2Ftracker.opentrackr.org%3A1337%2Fannounce&amp;tr=udp%3A%2F%2Ftracker.coppersurfer.tk%3A6969%2Fannounce&amp;tr=udp%3A%2F%2Fexodus.desync.com%3A6969%2Fannounce | 3.3 GiB | 2016-03-23 22:21 | 0 | 0 | 0
[초다링-Raws] Bakuon!! (BS11 1280x720 x264 AAC) | https://nyaa.si/download/822686.torrent | magnet:?xt=urn:btih:51009a17f6381afd365318faf22e2277490d0d05&amp;dn=%5B%EC%B4%88%EB%8B%A4%EB%A7%81-Raws%5D%20Bakuon%21%21%20%28BS11%201280x720%20x264%20AAC%29&amp;tr=http%3A%2F%2Fnyaa.tracker.wf%3A7777%2Fannounce&amp;tr=udp%3A%2F%2Fopen.stealth.si%3A80%2Fannounce&amp;tr=udp%3A%2F%2Ftracker.opentrackr.org%3A1337%2Fannounce&amp;tr=udp%3A%2F%2Ftracker.coppersurfer.tk%3A6969%2Fannounce&amp;tr=udp%3A%2F%2Fexodus.desync.com%3A6969%2Fannounce | 4.4 GiB | 2016-06-21 07:46 | 0 | 0 | 0
[초다링-Raws] Gochuumon wa Usagi Desuka 2 (AT-X 1280x720 x264 AAC) | https://nyaa.si/download/769542.torrent | magnet:?xt=urn:btih:4b97f87ee1ce1c6630dd9d9abc74c226f23930e3&amp;dn=%5B%EC%B4%88%EB%8B%A4%EB%A7%81-Raws%5D%20Gochuumon%20wa%20Usagi%20Desuka%202%20%28AT-X%201280x720%20x264%20AAC%29&amp;tr=http%3A%2F%2Fnyaa.tracker.wf%3A7777%2Fannounce&amp;tr=udp%3A%2F%2Fopen.stealth.si%3A80%2Fannounce&amp;tr=udp%3A%2F%2Ftracker.opentrackr.org%3A1337%2Fannounce&amp;tr=udp%3A%2F%2Ftracker.coppersurfer.tk%3A6969%2Fannounce&amp;tr=udp%3A%2F%2Fexodus.desync.com%3A6969%2Fannounce | 3.9 GiB | 2015-12-26 10:00 | 0 | 0 | 0
[초다링-Raws] NEW GAME! (AT-X 1280x720 x264 AAC) | https://nyaa.si/download/858511.torrent | magnet:?xt=urn:btih:226a752cf74f4d3bd32f6b4b9a5d261911d67ac4&amp;dn=%5B%EC%B4%88%EB%8B%A4%EB%A7%81-Raws%5D%20NEW%20GAME%21%20%28AT-X%201280x720%20x264%20AAC%29&amp;tr=http%3A%2F%2Fnyaa.tracker.wf%3A7777%2Fannounce&amp;tr=udp%3A%2F%2Fopen.stealth.si%3A80%2Fannounce&amp;tr=udp%3A%2F%2Ftracker.opentrackr.org%3A1337%2Fannounce&amp;tr=udp%3A%2F%2Ftracker.coppersurfer.tk%3A6969%2Fannounce&amp;tr=udp%3A%2F%2Fexodus.desync.com%3A6969%2Fannounce | 3.7 GiB | 2016-10-10 03:59 | 0 | 0 | 0
[초다링-Raws] Kantai Collection - KanColle - 04 (MX 1280x720 x264 AAC) | https://nyaa.si/download/651233.torrent | magnet:?xt=urn:btih:d4aeb42f5e4556a1d41cc686fe4359129fb46094&amp;dn=%5B%EC%B4%88%EB%8B%A4%EB%A7%81-Raws%5D%20Kantai%20Collection%20-%20KanColle%20-%2004%20%28MX%201280x720%20x264%20AAC%29&amp;tr=http%3A%2F%2Fnyaa.tracker.wf%3A7777%2Fannounce&amp;tr=udp%3A%2F%2Fopen.stealth.si%3A80%2Fannounce&amp;tr=udp%3A%2F%2Ftracker.opentrackr.org%3A1337%2Fannounce&amp;tr=udp%3A%2F%2Ftracker.coppersurfer.tk%3A6969%2Fannounce&amp;tr=udp%3A%2F%2Fexodus.desync.com%3A6969%2Fannounce | 435.5 MiB | 2015-02-01 00:31 | 0 | 0 | 0
[초다링-Raws] Kantai Collection - KanColle - 05 (MX 1280x720 x264 AAC) | https://nyaa.si/download/653956.torrent | magnet:?xt=urn:btih:f7a4380db6896e4d7493711238cc4dfbe3546d49&amp;dn=%5B%EC%B4%88%EB%8B%A4%EB%A7%81-Raws%5D%20Kantai%20Collection%20-%20KanColle%20-%2005%20%28MX%201280x720%20x264%20AAC%29&amp;tr=http%3A%2F%2Fnyaa.tracker.wf%3A7777%2Fannounce&amp;tr=udp%3A%2F%2Fopen.stealth.si%3A80%2Fannounce&amp;tr=udp%3A%2F%2Ftracker.opentrackr.org%3A1337%2Fannounce&amp;tr=udp%3A%2F%2Ftracker.coppersurfer.tk%3A6969%2Fannounce&amp;tr=udp%3A%2F%2Fexodus.desync.com%3A6969%2Fannounce | 359.2 MiB | 2015-02-07 19:15 | 0 | 0 | 0
[초다링-Raws] Watashi ga Motenai no wa Dou Kangaete mo Omaera ga Warui! (TX 1280x720 x264 AAC) | https://nyaa.si/download/476702.torrent | magnet:?xt=urn:btih:7006bf3083896b3ea458f2dcf9cb0f6f7d48c174&amp;dn=%5B%EC%B4%88%EB%8B%A4%EB%A7%81-Raws%5D%20Watashi%20ga%20Motenai%20no%20wa%20Dou%20Kangaete%20mo%20Omaera%20ga%20Warui%21%20%28TX%201280x720%20x264%20AAC%29&amp;tr=http%3A%2F%2Fnyaa.tracker.wf%3A7777%2Fannounce&amp;tr=udp%3A%2F%2Fopen.stealth.si%3A80%2Fannounce&amp;tr=udp%3A%2F%2Ftracker.opentrackr.org%3A1337%2Fannounce&amp;tr=udp%3A%2F%2Ftracker.coppersurfer.tk%3A6969%2Fannounce&amp;tr=udp%3A%2F%2Fexodus.desync.com%3A6969%2Fannounce | 3.6 GiB | 2013-09-25 09:33 | 0 | 0 | 0
[초다링-Raws] Charlotte - 01 (TVK 1280x720 x264 AAC) | https://nyaa.si/download/707893.torrent | magnet:?xt=urn:btih:33b78196a6d952f3d86c41a974471ee4326b6032&amp;dn=%5B%EC%B4%88%EB%8B%A4%EB%A7%81-Raws%5D%20Charlotte%20-%2001%20%28TVK%201280x720%20x264%20AAC%29&amp;tr=http%3A%2F%2Fnyaa.tracker.wf%3A7777%2Fannounce&amp;tr=udp%3A%2F%2Fopen.stealth.si%3A80%2Fannounce&amp;tr=udp%3A%2F%2Ftracker.opentrackr.org%3A1337%2Fannounce&amp;tr=udp%3A%2F%2Ftracker.coppersurfer.tk%3A6969%2Fannounce&amp;tr=udp%3A%2F%2Fexodus.desync.com%3A6969%2Fannounce | 257.3 MiB | 2015-07-04 12:35 | 0 | 0 | 0
[초다링-Raws] Hibike! Euphonium (MX 1280x720 x264 AAC) | https://nyaa.si/download/706876.torrent | magnet:?xt=urn:btih:eefc2cc177d66572803d08a44b71974c8d303716&amp;dn=%5B%EC%B4%88%EB%8B%A4%EB%A7%81-Raws%5D%20Hibike%21%20Euphonium%20%28MX%201280x720%20x264%20AAC%29&amp;tr=http%3A%2F%2Fnyaa.tracker.wf%3A7777%2Fannounce&amp;tr=udp%3A%2F%2Fopen.stealth.si%3A80%2Fannounce&amp;tr=udp%3A%2F%2Ftracker.opentrackr.org%3A1337%2Fannounce&amp;tr=udp%3A%2F%2Ftracker.coppersurfer.tk%3A6969%2Fannounce&amp;tr=udp%3A%2F%2Fexodus.desync.com%3A6969%2Fannounce | 4.2 GiB | 2015-07-01 06:56 | 0 | 0 | 0
[초다링-Raws] Non Non Biyori (TX 1280x720 x264 AAC) | https://nyaa.si/download/505412.torrent | magnet:?xt=urn:btih:98acdbc1c75d9e30a4726c236828cfd566ec8f9f&amp;dn=%5B%EC%B4%88%EB%8B%A4%EB%A7%81-Raws%5D%20Non%20Non%20Biyori%20%28TX%201280x720%20x264%20AAC%29&amp;tr=http%3A%2F%2Fnyaa.tracker.wf%3A7777%2Fannounce&amp;tr=udp%3A%2F%2Fopen.stealth.si%3A80%2Fannounce&amp;tr=udp%3A%2F%2Ftracker.opentrackr.org%3A1337%2Fannounce&amp;tr=udp%3A%2F%2Ftracker.coppersurfer.tk%3A6969%2Fannounce&amp;tr=udp%3A%2F%2Fexodus.desync.com%3A6969%2Fannounce | 2.9 GiB | 2013-12-23 18:46 | 0 | 0 | 0
[초다링-Raws] Machine-Doll wa Kizutsukanai(AT-X 1280x720 x264 AAC) | https://nyaa.si/download/505231.torrent | magnet:?xt=urn:btih:95b4e86442d95491e13398ed6bc2e375bbb4b359&amp;dn=%5B%EC%B4%88%EB%8B%A4%EB%A7%81-Raws%5D%20Machine-Doll%20wa%20Kizutsukanai%20%20%28AT-X%201280x720%20x264%20AAC%29&amp;tr=http%3A%2F%2Fnyaa.tracker.wf%3A7777%2Fannounce&amp;tr=udp%3A%2F%2Fopen.stealth.si%3A80%2Fannounce&amp;tr=udp%3A%2F%2Ftracker.opentrackr.org%3A1337%2Fannounce&amp;tr=udp%3A%2F%2Ftracker.coppersurfer.tk%3A6969%2Fannounce&amp;tr=udp%3A%2F%2Fexodus.desync.com%3A6969%2Fannounce | 3.8 GiB | 2013-12-23 08:30 | 0 | 0 | 0
[초다링-Raws] Non Non Biyori - Repeat (TX 1280x720 x264 AAC) | https://nyaa.si/download/736645.torrent | magnet:?xt=urn:btih:3c09f8abb50ae7f7b241a7dd385e4935f5cfdac0&amp;dn=%5B%EC%B4%88%EB%8B%A4%EB%A7%81-Raws%5D%20Non%20Non%20Biyori%20-%20Repeat%20%28TX%201280x720%20x264%20AAC%29&amp;tr=http%3A%2F%2Fnyaa.tracker.wf%3A7777%2Fannounce&amp;tr=udp%3A%2F%2Fopen.stealth.si%3A80%2Fannounce&amp;tr=udp%3A%2F%2Ftracker.opentrackr.org%3A1337%2Fannounce&amp;tr=udp%3A%2F%2Ftracker.coppersurfer.tk%3A6969%2Fannounce&amp;tr=udp%3A%2F%2Fexodus.desync.com%3A6969%2Fannounce | 3.3 GiB | 2015-09-23 03:27 | 0 | 0 | 0
[초다링-Raws] Rozen Maiden (TBS 1280x720 x264 AAC) | https://nyaa.si/download/477402.torrent | magnet:?xt=urn:btih:e704882466c62461012ff131746863013dcb5a84&amp;dn=%5B%EC%B4%88%EB%8B%A4%EB%A7%81-Raws%5D%20Rozen%20Maiden%20%28TBS%201280x720%20x264%20AAC%29&amp;tr=http%3A%2F%2Fnyaa.tracker.wf%3A7777%2Fannounce&amp;tr=udp%3A%2F%2Fopen.stealth.si%3A80%2Fannounce&amp;tr=udp%3A%2F%2Ftracker.opentrackr.org%3A1337%2Fannounce&amp;tr=udp%3A%2F%2Ftracker.coppersurfer.tk%3A6969%2Fannounce&amp;tr=udp%3A%2F%2Fexodus.desync.com%3A6969%2Fannounce | 3.3 GiB | 2013-09-27 21:58 | 0 | 0 | 0
[초다링-Raws] Outbreak Company (TBS 1280x720 x264 AAC) | https://nyaa.si/download/504201.torrent | magnet:?xt=urn:btih:3ce10864f2a10788a3bc600b865199986276b751&amp;dn=%5B%EC%B4%88%EB%8B%A4%EB%A7%81-Raws%5D%20Outbreak%20Company%20%28TBS%201280x720%20x264%20AAC%29&amp;tr=http%3A%2F%2Fnyaa.tracker.wf%3A7777%2Fannounce&amp;tr=udp%3A%2F%2Fopen.stealth.si%3A80%2Fannounce&amp;tr=udp%3A%2F%2Ftracker.opentrackr.org%3A1337%2Fannounce&amp;tr=udp%3A%2F%2Ftracker.coppersurfer.tk%3A6969%2Fannounce&amp;tr=udp%3A%2F%2Fexodus.desync.com%3A6969%2Fannounce | 2.8 GiB | 2013-12-20 09:37 | 0 | 0 | 0